{
  "current_weather": {
    "temperature": 18.176832069026517,
    "humidity": 0.4344600700940084,
    "wind_speed": 86.18340890053808,
    "wind_direction": 61.58583482531805,
    "precipitation": 0.0,
    "cloud_cover": 0.41539987249478266,
    "weather_type": "clear",
    "severity": 0.058685779580518016,
    "pressure": 1012.4994390923052,
    "visibility": 10.0,
    "uv_index": 1.2128377828795962
  },
  "season": "spring",
  "day_length": 12,
  "time_of_day": 16.666666666667002,
  "effects": {
    "temperature": 18.176832069026517,
    "humidity": 0.4344600700940084,
    "wind_speed": 86.18340890053808,
    "precipitation": 0.0,
    "cloud_cover": 0.41539987249478266,
    "pressure": 1012.4994390923052,
    "visibility": 10.0,
    "uv_index": 1.2128377828795962
  }
}