{
  "current_weather": {
    "temperature": 21.414019838797287,
    "humidity": 0.5317197630149506,
    "wind_speed": 129.14251580452571,
    "wind_direction": 173.39816598920592,
    "precipitation": 0.0,
    "cloud_cover": 0.26153767327208577,
    "weather_type": "heavy_rain",
    "severity": 0.3344272099910821,
    "pressure": 1011.622482710287,
    "visibility": 4.0,
    "uv_index": 1.3970216828864743
  },
  "season": "spring",
  "day_length": 12,
  "time_of_day": 16.666666666667002,
  "effects": {
    "temperature": 21.414019838797287,
    "humidity": 0.5317197630149506,
    "wind_speed": 129.14251580452571,
    "precipitation": 0.0,
    "cloud_cover": 0.26153767327208577,
    "pressure": 1011.622482710287,
    "visibility": 4.0,
    "uv_index": 1.3970216828864743
  }
}