{
  "technologies": {
    "mining": 1.1,
    "farming": 1.1,
    "hunting": 1.1,
    "fishing": 1.1,
    "construction": 1.1,
    "medicine": 1.1,
    "transportation": 1.1,
    "communication": 1.1,
    "weaponry": 1.1,
    "defense": 1.1
  },
  "research_progress": {
    "mining": 0.6666666666666685,
    "farming": 0.6666666666666685,
    "hunting": 0.6666666666666685,
    "fishing": 0.6666666666666685,
    "construction": 0.6666666666666685,
    "medicine": 0.6666666666666685,
    "transportation": 0.6666666666666685,
    "communication": 0.6666666666666685,
    "weaponry": 0.6666666666666685,
    "defense": 0.6666666666666685
  },
  "tech_level": 1.1,
  "tech_impact": {
    "resource_gathering": 1.1,
    "production_efficiency": 1.1,
    "construction_speed": 1.1,
    "movement_speed": 1.1,
    "combat_power": 1.1,
    "defense_strength": 1.0,
    "healing_rate": 1.0,
    "research_speed": 1.0
  }
}